<wpml-config>
    <admin-texts>
        <key name="theme_mods_construction-field">
            <key name="construction_field_theme_options">
            <key name="construction-field-display-site-logo"/>
            <key name="construction-field-display-site-title"/>
            <key name="construction-field-display-site-tagline"/>
            <key name="construction-field-header-height"/>
            <key name="construction-field-header-image-display"/>
            <key name="construction-field-enable-header-top"/>
            <key name="construction-field-header-top-menu-display-selection"/>
            <key name="construction-field-header-top-news-display-selection"/>
            <key name="construction-field-header-top-social-display-selection"/>
            <key name="construction-field-newsnotice-title"/>
            <key name="construction-field-newsnotice-cat"/>
            <key name="construction-field-enable-sticky"/>
            <key name="construction-field-menu-right-button-options"/>
            <key name="construction-field-menu-right-button-title"/>
            <key name="construction-field-menu-right-button-link"/>
            <key name="construction-field-enable-cart-icon"/>
            <key name="construction-field-header-logo-menu-display-position"/>
            <key name="construction-field-enable-feature" />
            <key name="construction-field-slider-selection-from" />
            <key name="construction-field-slides-data" />
            <key name="construction-field-slides-custom-data" />
            <key name="construction-field-slider-shortcode" />
            <key name="construction-field-feature-slider-enable-animation"/>
            <key name="construction-field-feature-slider-display-title"/>
            <key name="construction-field-feature-slider-display-excerpt"/>
            <key name="construction-field-fs-image-display-options"/>
            <key name="construction-field-feature-slider-text-align"/>
            <key name="construction-field-feature-info-display-options"/>
            <key name="construction-field-feature-info-number"/>
            <key name="construction-field-first-info-icon"/>
            <key name="construction-field-first-info-title"/>
            <key name="construction-field-first-info-desc"/>
            <key name="construction-field-second-info-icon"/>
            <key name="construction-field-second-info-title"/>
            <key name="construction-field-second-info-desc"/>
            <key name="construction-field-third-info-icon"/>
            <key name="construction-field-third-info-title"/>
            <key name="construction-field-third-info-desc"/>
            <key name="construction-field-forth-info-icon"/>
            <key name="construction-field-forth-info-title"/>
            <key name="construction-field-forth-info-desc"/>
            <key name="construction-field-footer-copyright"/>
            <key name="construction-field-footer-copyright-beside-option"/>
            <key name="construction-field-enable-footer-power-text"/>
            <key name="construction-field-footer-site-info"/>
            <key name="construction-field-footer-bg-img"/>
            <key name="construction-field-intro-image"/>
            <key name="construction-field-intro-bg-color"/>
            <key name="construction-field-enable-intro-loader"/>
            <key name="construction-field-button-design"/>
            <key name="construction-field-pagination-option"/>
            <key name="construction-field-enable-animation"/>
            <key name="construction-field-enable-sticky-sidebar"/>
            <key name="construction-field-single-sidebar-layout"/>
            <key name="construction-field-front-page-sidebar-layout"/>
            <key name="construction-field-archive-sidebar-layout"/>
            <key name="construction-field-blog-archive-img-size"/>
            <key name="construction-field-blog-archive-content-from"/>
            <key name="construction-field-blog-archive-excerpt-length"/>
            <key name="construction-field-blog-archive-more-text"/>
            <key name="construction-field-exclude-categories"/>
            <key name="construction-field-blog-archive-show-date"/>
            <key name="construction-field-blog-archive-show-author"/>
            <key name="construction-field-blog-archive-show-comments"/>
            <key name="construction-field-blog-archive-show-cats"/>
            <key name="construction-field-blog-archive-show-tags"/>
            <key name="construction-field-primary-color"/>
            <key name="construction-field-header-top-bg-color"/>
            <key name="construction-field-footer-bg-color"/>
            <key name="construction-field-footer-bottom-bg-color"/>
            <key name="construction-field-site-title-color"/>
            <key name="construction-field-site-title-hover-color"/>
            <key name="construction-field-site-tagline-color"/>
            <key name="construction-field-body-text-color"/>
            <key name="construction-field-heading-color"/>
            <key name="construction-field-link-color"/>
            <key name="construction-field-link-hover-color"/>
            <key name="construction-field-menu-active-color"/>
            <key name="construction-field-menu-hover-color"/>
            <key name="construction-field-sidebar-bg-color"/>
            <key name="construction-field-footer-heading-color"/>
            <key name="construction-field-footer-text-color"/>
            <key name="construction-field-footer-link-color"/>
            <key name="construction-field-footer-link-hover-color"/>
            <key name="construction-field-sidebar-widget-link-color"/>
            <key name="construction-field-sidebar-widget-link-hover-color"/>
            <key name="construction-field-hide-front-page-content"/>
            <key name="construction-field-hide-front-page-header"/>
            <key name="construction-field-enable-typography"/>
            <key name="construction-field-site-title-font-family"/>
            <key name="construction-field-site-title-font-name"/>
            <key name="construction-field-site-title-font-size"/>
            <key name="construction-field-site-tagline-font-family"/>
            <key name="construction-field-site-tagline-font-name"/>
            <key name="construction-field-site-tagline-font-size"/>
            <key name="construction-field-primary-menu-font-family"/>
            <key name="construction-field-primary-menu-font-name"/>
            <key name="construction-field-primary-menu-font-size"/>
            <key name="construction-field-body-font-family"/>
            <key name="construction-field-body-font-name"/>
            <key name="construction-field-body-font-size"/>
            <key name="construction-field-headings-font-family"/>
            <key name="construction-field-headings-font-name"/>
            <key name="construction-field-h1-font-size"/>
            <key name="construction-field-h2-font-size"/>
            <key name="construction-field-h3-font-size"/>
            <key name="construction-field-h4-font-size"/>
            <key name="construction-field-h5-font-size"/>
            <key name="construction-field-h6-font-size"/>
            <key name="construction-field-wc-shop-archive-sidebar-layout"/>
            <key name="construction-field-wc-product-column-number"/>
            <key name="construction-field-wc-shop-archive-total-product"/>
            <key name="construction-field-wc-single-product-sidebar-layout"/>
            <key name="construction-field-show-related"/>
            <key name="construction-field-related-title"/>
            <key name="construction-field-related-posts-column-number"/>
            <key name="construction-field-related-posts-number"/>
            <key name="construction-field-related-content-from"/>
            <key name="construction-field-related-excerpt-length"/>
            <key name="construction-field-related-img-size"/>
            <key name="construction-field-related-posts-show-date"/>
            <key name="construction-field-related-posts-show-cats"/>
            <key name="construction-field-related-posts-show-author"/>
            <key name="construction-field-related-read-more-text"/>
            <key name="construction-field-single-header-title"/>
            <key name="construction-field-single-img-size"/>
            <key name="construction-field-show-author-info"/>
            <key name="construction-field-single-navigation-options"/>
            <key name="construction-field-comment-title"/>
            <key name="construction-field-comment-button-text"/>
            <key name="construction-field-comment-notes-after"/>
            <key name="construction-field-hide-comment"/>
            <key name="construction-field-single-show-date"/>
            <key name="construction-field-single-show-author"/>
            <key name="construction-field-single-show-cats"/>
            <key name="construction-field-single-show-tags"/>
            <key name="construction-field-popup-widget-title"/>
            <key name="construction-field-show-breadcrumb"/>
            <key name="construction-field-search-placeholder" />
            <key name="construction-field-social-data" />
      </key>
        </key>
    </admin-texts>
</wpml-config>






